{
  "Administratori": [
    {
      "KorisnickoIme": "admin",
      "Sifra": "admin",
      "Ime": "Admin",
      "Prezime": "Admin",
      "DatumRodjenja": "24/06/2024"
    },
    {
      "KorisnickoIme": "admin1",
      "Sifra": "admin1",
      "Ime": "Admin",
      "Prezime": "Admin",
      "DatumRodjenja": "25/06/2024"
    }
  ],
  "Lekari": [
    {
      "KorisnickoIme": "draleks",
      "Sifra": "dr",
      "Ime": "Dr. Aleksandra",
      "Prezime": "Antonic",
      "DatumRodjenja": "15/03/1975",
      "Email": "draleks@ordinacija.ac.rs",
      "Termini": [
        "42c88c49aecf4f379263b6eece1a0217",
        "f83af7f55bb343919e730db349605616",
        "2a90cb4c16c4469f90cd9d5058bc3d23",
        "686584edffbd45ab9bc34dbaafa947dd",
        "b5c73978e9004dbfb6cc55c2b9ec4ba0",
        "7e4e3af47d60416eb0b12446c8d37c6c",
        "e8dd4a380ed14ee79fe026d171e8f16e",
        "10684c2c6b2d45e9b4f89eee99ed8a10"
      ]
    },
    {
      "KorisnickoIme": "drneven",
      "Sifra": "dr",
      "Ime": "Dr. Neven",
      "Prezime": "Ont",
      "DatumRodjenja": "15/03/1985",
      "Email": "drneven@ordinacija.ac.rs",
      "Termini": [
        "6249ac104b2c43ccaf1b833e5ee2d2bf",
        "0bd300d45eb3439ebaa0b07f1d89a6eb",
        "416c6e9f1e494e89ad56024f8aecc403",
        "7b8a75b502e7436c81b8c279235c4a12",
        "28d961013dca4865a55ad8d23e5092db",
        "129d18adf8f54277bd60a69c45f0dc72",
        "dda6d2f286394a678c0da3865d9fdee4"
      ]
    },
    {
      "KorisnickoIme": "drol",
      "Sifra": "dr",
      "Ime": "Dr. Ol",
      "Prezime": "Kanad",
      "DatumRodjenja": "15/04/1995",
      "Email": "drol@ordinacija.ac.rs",
      "Termini": [
        "c60e65dceebd441aa0b49360dca41ac4",
        "b6113469ff41414cbdce5f252e859a2c",
        "b3ed7bc0a6534b03a65bbac0a2cb7141",
        "797df7d61bef440280c58ba02549bfac",
        "dc34f0cf405e4ecab63332016005cf4c",
        "25ddf83a18ae4e7894031b37b877cf3a",
        "c4eb2b55b3a24a63b0a31e73c971eac3",
        "522684e414d844e6a0ff7480bedbaa64"
      ]
    }
  ],
  "Pacijenti": [
    {
      "KorisnickoIme": "aleks",
      "JMBG": "1929102109210",
      "Sifra": "1234",
      "Ime": "Aleksandra",
      "Prezime": "Mitrović",
      "DatumRodjenja": "12/01/2000",
      "Email": "aleksandra@gmail.com",
      "ZakazaniTermini": [
        "6249ac104b2c43ccaf1b833e5ee2d2bf",
        "b3ed7bc0a6534b03a65bbac0a2cb7141",
        "7e4e3af47d60416eb0b12446c8d37c6c",
        "522684e414d844e6a0ff7480bedbaa64",
        "dc34f0cf405e4ecab63332016005cf4c",
        "b5c73978e9004dbfb6cc55c2b9ec4ba0"
      ]
    },
    {
      "KorisnickoIme": "nikolina",
      "JMBG": "1934737437437",
      "Sifra": "1234",
      "Ime": "Nikolina",
      "Prezime": "Ninić",
      "DatumRodjenja": "26/04/1999",
      "Email": "nikolina@gmail.com",
      "ZakazaniTermini": [
        "0bd300d45eb3439ebaa0b07f1d89a6eb",
        "b6113469ff41414cbdce5f252e859a2c",
        "2a90cb4c16c4469f90cd9d5058bc3d23",
        "129d18adf8f54277bd60a69c45f0dc72"
      ]
    },
    {
      "KorisnickoIme": "nevena",
      "JMBG": "2783463212612",
      "Sifra": "1234",
      "Ime": "Nevena",
      "Prezime": "Ojlerović",
      "DatumRodjenja": "11/09/2000",
      "Email": "nevena@gmail.com",
      "ZakazaniTermini": [
        "797df7d61bef440280c58ba02549bfac",
        "416c6e9f1e494e89ad56024f8aecc403",
        "42c88c49aecf4f379263b6eece1a0217",
        "25ddf83a18ae4e7894031b37b877cf3a"
      ]
    },
    {
      "KorisnickoIme": "david",
      "JMBG": "2939329392392",
      "Sifra": "1234",
      "Ime": "David",
      "Prezime": "Kikanov",
      "DatumRodjenja": "12/12/2001",
      "Email": "david@uns.ac.rs",
      "ZakazaniTermini": [
        "c60e65dceebd441aa0b49360dca41ac4",
        "7b8a75b502e7436c81b8c279235c4a12",
        "686584edffbd45ab9bc34dbaafa947dd",
        "28d961013dca4865a55ad8d23e5092db",
        "f83af7f55bb343919e730db349605616"
      ]
    }
  ],
  "Termini": [
    {
      "TerminID": "42c88c49aecf4f379263b6eece1a0217",
      "Lekar": "draleks",
      "Pacijent": "nevena",
      "StatusTermina": 1,
      "DatumTermina": "2024-06-12T12:00:00",
      "OpisTerapije": "1x1 Hidrokricin 540mg"
    },
    {
      "TerminID": "f83af7f55bb343919e730db349605616",
      "Lekar": "draleks",
      "Pacijent": "david",
      "StatusTermina": 1,
      "DatumTermina": "2024-06-14T10:00:00",
      "OpisTerapije": "2x3 Aminokislav 1000mg"
    },
    {
      "TerminID": "2a90cb4c16c4469f90cd9d5058bc3d23",
      "Lekar": "draleks",
      "Pacijent": "nikolina",
      "StatusTermina": 1,
      "DatumTermina": "2024-06-18T14:00:00",
      "OpisTerapije": "0.5x2 Trinihastistan 600mg"
    },
    {
      "TerminID": "686584edffbd45ab9bc34dbaafa947dd",
      "Lekar": "draleks",
      "Pacijent": "david",
      "StatusTermina": 1,
      "DatumTermina": "2024-06-22T12:00:00",
      "OpisTerapije": null
    },
    {
      "TerminID": "b5c73978e9004dbfb6cc55c2b9ec4ba0",
      "Lekar": "draleks",
      "Pacijent": "aleks",
      "StatusTermina": 1,
      "DatumTermina": "2024-06-30T11:40:00",
      "OpisTerapije": null
    },
    {
      "TerminID": "7e4e3af47d60416eb0b12446c8d37c6c",
      "Lekar": "draleks",
      "Pacijent": "aleks",
      "StatusTermina": 1,
      "DatumTermina": "2024-07-03T09:00:00",
      "OpisTerapije": null
    },
    {
      "TerminID": "e8dd4a380ed14ee79fe026d171e8f16e",
      "Lekar": "draleks",
      "Pacijent": null,
      "StatusTermina": 0,
      "DatumTermina": "2024-07-03T10:00:00",
      "OpisTerapije": null
    },
    {
      "TerminID": "10684c2c6b2d45e9b4f89eee99ed8a10",
      "Lekar": "draleks",
      "Pacijent": null,
      "StatusTermina": 0,
      "DatumTermina": "2024-07-03T12:00:00",
      "OpisTerapije": null
    },
    {
      "TerminID": "6249ac104b2c43ccaf1b833e5ee2d2bf",
      "Lekar": "drneven",
      "Pacijent": "aleks",
      "StatusTermina": 1,
      "DatumTermina": "2024-06-01T08:15:00",
      "OpisTerapije": "4x2 Aminofleks 2x2mg"
    },
    {
      "TerminID": "0bd300d45eb3439ebaa0b07f1d89a6eb",
      "Lekar": "drneven",
      "Pacijent": "nikolina",
      "StatusTermina": 1,
      "DatumTermina": "2024-06-04T08:15:00",
      "OpisTerapije": "1x1 Naturoplexsi 650mg"
    },
    {
      "TerminID": "416c6e9f1e494e89ad56024f8aecc403",
      "Lekar": "drneven",
      "Pacijent": "nevena",
      "StatusTermina": 1,
      "DatumTermina": "2024-06-12T12:15:00",
      "OpisTerapije": "1x3 Bromopen 450mg"
    },
    {
      "TerminID": "7b8a75b502e7436c81b8c279235c4a12",
      "Lekar": "drneven",
      "Pacijent": "david",
      "StatusTermina": 1,
      "DatumTermina": "2024-06-12T16:15:00",
      "OpisTerapije": null
    },
    {
      "TerminID": "28d961013dca4865a55ad8d23e5092db",
      "Lekar": "drneven",
      "Pacijent": "david",
      "StatusTermina": 1,
      "DatumTermina": "2024-06-22T16:15:00",
      "OpisTerapije": null
    },
    {
      "TerminID": "129d18adf8f54277bd60a69c45f0dc72",
      "Lekar": "drneven",
      "Pacijent": "nikolina",
      "StatusTermina": 1,
      "DatumTermina": "2024-07-03T15:15:00",
      "OpisTerapije": null
    },
    {
      "TerminID": "dda6d2f286394a678c0da3865d9fdee4",
      "Lekar": "drneven",
      "Pacijent": null,
      "StatusTermina": 0,
      "DatumTermina": "2024-07-03T17:15:00",
      "OpisTerapije": null
    },
    {
      "TerminID": "c60e65dceebd441aa0b49360dca41ac4",
      "Lekar": "drol",
      "Pacijent": "david",
      "StatusTermina": 1,
      "DatumTermina": "2024-06-03T07:45:00",
      "OpisTerapije": "Amanart 500mg"
    },
    {
      "TerminID": "b6113469ff41414cbdce5f252e859a2c",
      "Lekar": "drol",
      "Pacijent": "nikolina",
      "StatusTermina": 1,
      "DatumTermina": "2024-06-04T07:45:00",
      "OpisTerapije": "Dekunoslav 430mg"
    },
    {
      "TerminID": "b3ed7bc0a6534b03a65bbac0a2cb7141",
      "Lekar": "drol",
      "Pacijent": "aleks",
      "StatusTermina": 1,
      "DatumTermina": "2024-06-05T07:45:00",
      "OpisTerapije": "Rediomegrin 120mg"
    },
    {
      "TerminID": "797df7d61bef440280c58ba02549bfac",
      "Lekar": "drol",
      "Pacijent": "nevena",
      "StatusTermina": 1,
      "DatumTermina": "2024-06-15T12:45:00",
      "OpisTerapije": null
    },
    {
      "TerminID": "dc34f0cf405e4ecab63332016005cf4c",
      "Lekar": "drol",
      "Pacijent": "aleks",
      "StatusTermina": 1,
      "DatumTermina": "2024-06-22T12:45:00",
      "OpisTerapije": null
    },
    {
      "TerminID": "25ddf83a18ae4e7894031b37b877cf3a",
      "Lekar": "drol",
      "Pacijent": "nevena",
      "StatusTermina": 1,
      "DatumTermina": "2024-07-02T12:45:00",
      "OpisTerapije": "Decintrelene Unico 100mg"
    },
    {
      "TerminID": "c4eb2b55b3a24a63b0a31e73c971eac3",
      "Lekar": "drol",
      "Pacijent": null,
      "StatusTermina": 0,
      "DatumTermina": "2024-07-03T12:45:00",
      "OpisTerapije": null
    },
    {
      "TerminID": "522684e414d844e6a0ff7480bedbaa64",
      "Lekar": "drol",
      "Pacijent": "aleks",
      "StatusTermina": 1,
      "DatumTermina": "2024-07-03T16:45:00",
      "OpisTerapije": null
    }
  ],
  "ZdravstveniKartoni": [
    {
      "Pacijent": "aleks",
      "Termini": [
        "6249ac104b2c43ccaf1b833e5ee2d2bf",
        "b3ed7bc0a6534b03a65bbac0a2cb7141",
        "7e4e3af47d60416eb0b12446c8d37c6c",
        "522684e414d844e6a0ff7480bedbaa64",
        "dc34f0cf405e4ecab63332016005cf4c",
        "b5c73978e9004dbfb6cc55c2b9ec4ba0"
      ]
    },
    {
      "Pacijent": "nikolina",
      "Termini": [
        "0bd300d45eb3439ebaa0b07f1d89a6eb",
        "b6113469ff41414cbdce5f252e859a2c",
        "2a90cb4c16c4469f90cd9d5058bc3d23",
        "129d18adf8f54277bd60a69c45f0dc72"
      ]
    },
    {
      "Pacijent": "nevena",
      "Termini": [
        "797df7d61bef440280c58ba02549bfac",
        "416c6e9f1e494e89ad56024f8aecc403",
        "42c88c49aecf4f379263b6eece1a0217",
        "25ddf83a18ae4e7894031b37b877cf3a"
      ]
    },
    {
      "Pacijent": "david",
      "Termini": [
        "c60e65dceebd441aa0b49360dca41ac4",
        "7b8a75b502e7436c81b8c279235c4a12",
        "686584edffbd45ab9bc34dbaafa947dd",
        "28d961013dca4865a55ad8d23e5092db",
        "f83af7f55bb343919e730db349605616"
      ]
    }
  ]
}